,DateTime,Tweet Id,Tweet,Username,Location,Tweet_Preprocessed,sentiment
0,2022-06-25 09:34:41+00:00,1540629544109223936,@Ari3Pras @aniesbaswedan Sama dengan BP proklamator RI yaitu bung Karno karena ada kiprah buah pikiran tulisan dan perbuatan beliau memproklamirkan kemerdekaan RI.,UsmanAbdS1,,proklamator ri karno kiprah buah pikir tulis beliau memproklamirkan merdeka ri,Senang
1,2019-10-30 06:43:37+00:00,1189432650424934400,@permadiaktivis @aniesbaswedan @KPK_RI @DKIJakarta @jokowi Anis Anis... Dasar manusia munafik,Paolo95954454,,anis anis dasar manusia munafik,Marah
2,2019-12-15 18:11:11+00:00,1206275527377424384,@willtumariti36 @BuuloloArianto @ingga271078 @aniesbaswedan ğŸ˜…ğŸ˜…ğŸ˜‚ğŸ¤£ ohhh iyaaa kan seiman.! Z hampir lupa ale.,JeckyWelikin,"Papua, Indonesia",ohhh iya iman z lupa ale,Sedih
3,2020-03-26 12:35:06+00:00,1243154511222304768,@ANDINI_MAHARAN1 @aniesbaswedan Di bayar untuk demo gubernur DKI..?? Ko salah tulis ini baaa ğŸ˜…ğŸ˜…ğŸ¤ª ko lucu sekali demi.. ğŸ˜‚ğŸ¤£  otak nasi bungkus ini .. ğŸ¤¢ğŸ¤®,JeckyWelikin,"Papua, Indonesia",bayar demo gubernur daerah khusus ibukota salah tulis baaa lucu otak nasi bungkus,Marah
4,2022-10-18 01:55:55+00:00,1582188697856151552,"Anies Baswedan Si Pembohong warga Jakarta

#AniesNasdemOut #TenggelamkanNasdem #TenggelamkanAniesNasdem
#TenggelamkanPartaiNasdem
#GoodByeNasdemAnies
#AniesGabenerPembohong
#KagagalanAniesituNyata 
Papua https://t.co/QY8u5txWTb",Janaejelita,Papua,anies baswedan sih bohong warga jakarta papua,Marah
5,2020-04-28 12:13:38+00:00,1255107906745167873,"@KakekHalal @aniesbaswedan Survey sesuai pesanan, tergantung siapa yang bayar, survey berdasarkan metodologi rupiah.",AkifLessy,Papua New Guinea,survei sesuai pesan gantung bayar survei dasar metodologi rupiah,Marah
6,2022-10-26 04:33:43+00:00,1585127510064664576,"Bersatu Demo Anies Baswedan! Rakyat Papua mengutuk Anies jadi babi

#AniesNasdemOut #TenggelamkanNasdem #TenggelamkanAniesNasdem
#TenggelamkanPartaiNasdem
#GoodByeNasdemAnies
#AniesGabenerPembohong
#KagagalanAniesituNyata https://t.co/Cw6PF4wBGZ",Janaejelita,Papua,demo anies baswedan rakyat papua kutuk anies babi,Marah
7,2022-06-23 09:48:13+00:00,1539908175037468673,"@yusuf_dumdum @aniesbaswedan Ini namanya solusi mengatasi banjir,,,, biar saat hujan di jakarta ntar air hujannya nyasar ga ketemu alamat yg lama,,, muter muter sampe puyeng trus masuk ke bumi,,, ga jadi dong banjirnya
(Salah alamat) ğŸ¤£ğŸ¤£ğŸ¤£ https://t.co/D6WFTnXena",NicolaasIsmael,,nama solusi banjir biar hujan jakarta air hujan sasar ketemu alamat puter puter puyeng masuk bumi banjir salah alamat,Sedih
8,2019-06-01 03:08:25+00:00,1134657927002804224,"@Dennysiregar7 @aniesbaswedan ğŸ˜‚ğŸ˜‚ğŸ˜‚muja, muji, muju, muje, mujo opo lainnya sob...",andry_papua,Jayapura,muja muji muju muje mujo bro,Marah
9,2022-11-24 04:22:44+00:00,1595633994242363392,"Kota Palu Menolak Kedatangan Anies Baswedan..!!
 
#HTIDukungAnies
#AniesDidukungKHILAFAH
#AniesNasdemOut 
#TenggelamkanAniesBaswedan
#TenggelamkanPartaiNasdem
#GoodByeNasdemAnies
#AniesDidukungKoruptor
#AniesPendukungKhilafah
#AniesPendukungOrmasRadikal https://t.co/Z5oHdo9MA5",cegi_feby,Papua ,kota palu tolak anies baswedan,Sedih
10,2022-05-26 04:03:36+00:00,1529674586433781760,Yang pak anies katakan smua itu kebohongan. Nyata-nyatanya reklamasi tetap di lanjutkan dibeberapa titik. https://t.co/3Um9FZQuaO,N_i_u_584,"Papua Barat, Indonesia",anies bohong nyata nyata reklamasi titik,Marah
11,2022-12-26 04:34:27+00:00,1607233355036381184,"Masyarakat Solo Raya Tolak Anies Baswedan..!!
 
#HTIFPIDukungAnies
#AniesDidukungKHILAFAH
#AniesNasdemOut 
#TenggelamkanAniesBaswedan
#TenggelamkanPartaiNasdem
#GoodByeNasdemAnies
#AniesDidukungKoruptor https://t.co/JQVNCAFzjN",HestiMsen,Papua,masyarakat solo raya tolak anies baswedan,Sedih
12,2020-02-24 20:02:43+00:00,1232033130896183296,"Banjir nih boss @aniesbaswedan ...
Toa mana toa...",Paolo95954454,,banjir nih bos toa toa,Sedih
13,2020-01-15 08:26:12+00:00,1217362332403126273,"@FerdinandHaean2 @aniesbaswedan Balasannya gampang, kalau nggak suka sama presiden gue silahkan keluar dari Indonesia...!!! Nah elo....itu.",AkifLessy,Papua New Guinea,balas gampang suka presiden gue sila indonesia,Marah
14,2022-11-02 04:41:09+00:00,1587666097217581056,"@Dennysiregar7 @aniesbaswedan Iyo Bapa, bapa pu mob tipu2 yg lucu su tra muncul lagi",MansarMorgan,"Papua, Indonesia",iya bapa bapa mob tipu lucu su tra muncul,Sedih
15,2021-09-21 23:13:29+00:00,1440454165025546246,"Sejak dipanggil kemarin pagi hingga pagi ini, harapanku pupus ingin melihat @aniesbaswedan keluar dari Gedung Merah Putih @KPK_RI memaksi Rompi Orange. https://t.co/zrFhsoV31A",AkifLessy,Papua New Guinea,panggil kemarin pagi pagi harap pupus lihat gedung merah putih maksi rompi orange,Sedih
16,2022-10-20 03:35:47+00:00,1582938606364110849,"Waspada Capres Pilihan Nasdem, karena ada Si tukang TIPU ANIES BASWEDAN..!!
 
#AniesNasdemOut #TenggelamkanNasdem #TenggelamkanAniesNasdem
#TenggelamkanPartaiNasdem
#GoodByeNasdemAnies
#AniesGabenerPembohong
#KagagalanAniesituNyata

Papua Tolak Anies https://t.co/gkJ7g7uQpE",cegi_feby,Papua ,waspada calon presiden pilih nasional demokrat sih tukang tipu anies baswedan papua tolak anies,Marah
17,2021-06-05 12:25:37+00:00,1401153233029013504,"@_AnakKolong @aagym Management Qalbu HANCUR, ini uztad 11, 12 dengan @aniesbaswedan pintar ngomong tam mampu bekerja, @aagym pintar DAI, tapi tak mampu me MANAGE keluarganya sendiri.",AkifLessy,Papua New Guinea,manajemen qalbu hancur ustaz pintar bicara tam kerja pintar dai me manage keluarga,Marah
18,2022-12-03 04:19:39+00:00,1598894709480775680,@malut_terdepan @aniesbaswedan ANies keturunan jin yang menggoda manusia,Janaejelita,Papua,anies turun jin goda manusia,Marah
19,2019-05-24 10:38:51+00:00,1131872181078581248,"Mantap Gubernur DKI Jakarta, Kakanda @aniesbaswedan trus bekerja dengan baik. God Bless,
.
Salam dari Kami di Jayapura, Papua.",ar_alexramandey,"Papua - Ambon - Jakarta,",mantap gubernur daerah khusus ibukota jakarta kakanda kerja god bless salam jayapura papua,Senang
20,2022-05-21 04:03:31+00:00,1527862626943766528,@Jcapaldi59 @Hanz22604636 @tatakujiyati @aniesbaswedan Orgnya anies bilang klo sungai2 di jkt sdh bersih. Mereka blg klo gak percaya coba kamu kesini... wkwkwk,N_i_u_584,"Papua Barat, Indonesia",orang anies bilang sungai jakarta bersih bilang percaya coba kesini wkwk,Senang
21,2021-03-01 06:46:41+00:00,1366278701730590722,Cocok buat warga @DKIJakarta salah satu solusi buat Gaberner DKI @aniesbaswedan https://t.co/WU130n9mmv,AkifLessy,Papua New Guinea,cocok warga salah solusi gaberner daerah khusus ibukota,Sedih
22,2022-05-15 11:40:08+00:00,1525803210774294528,@1j3mS @aniesbaswedan @Mdy_Asmara1701 Istrinya mkn sibuk urus anak,brury55,,istri makan sibuk urus anak,Marah
23,2022-05-13 00:20:53+00:00,1524907498548830209,"@tiyok_pras @wenimars @Hilmi28 @jokowi @aniesbaswedan Pendukung2 anis ini, semenjak 2016/2017 s/d skrg, seolah2 mereka yg Indonesia.
Bkin muak liat kelakuan mereka.",N_i_u_584,"Papua Barat, Indonesia",dukung anis semenjak si olah indonesia bikin muak lihat laku,Sedih
24,2019-04-13 02:08:46+00:00,1116885910539268096,@Dahnilanzar @aniesbaswedan Repot amat sih bang... kelihatan ribet banget  lu bang....,3nd444,"Papua, Indonesia",repot sih bang lihat ribet banget bang,Marah
25,2022-10-18 01:54:47+00:00,1582188411825582080,"Bahaya Jika Anies Baswedan terpilih jadi Presiden

#AniesNasdemOut #TenggelamkanNasdem #TenggelamkanAniesNasdem
#TenggelamkanPartaiNasdem
#GoodByeNasdemAnies
#AniesGabenerPembohong
#KagagalanAniesituNyata 

Papua https://t.co/DwjJpmZRMi",Janaejelita,Papua,bahaya anies baswedan pilih presiden papua,Marah
26,2022-08-14 11:35:51+00:00,1558779428053733376,"@BambangWidyasm1 @bidik32 @FachryA30708802 @irdni_yomarak @aniesbaswedan @hayashi09615064 Smua era ada korupsinya. Yg paling parah di era suharto,habibie,gusdur,megawati,sby. Karena tdk diungkap smua para koruptor. Jelas!!",N_i_u_584,"Papua Barat, Indonesia",era korupsi parah era soeharto habibie gus dur megawati susilo bambang yudhoyono koruptor,Marah
27,2021-11-18 00:15:25+00:00,1461125855539707905,"@_LOVE_AG4EVER Baguskan sudah diketahui sekarang  karena ada penangkapan, tentu kedepannya beliau @aniesbaswedan  semakin waspada atas jalan pikiran orang-orang tertentu.",UsmanAbdS1,,bagus tangkap beliau waspada jalan pikir orang orang,Marah
28,2022-11-06 03:28:14+00:00,1589097296813510656,"Kasiaann.. kenapa ko mau jadi bodok dengan 30rb pace Jawa??
Bapa @aniesbaswedan tambahlah, ko pake hati sedikitlah kalo suruh orang ğŸ˜†kwikwikwik https://t.co/LeSuWDwS5N",MansarMorgan,"Papua, Indonesia",kasiaann bodok ribu pace jawa bapa pakai hati suruh orang kwikwikwik,Marah
29,2019-05-24 07:45:33+00:00,1131828567472390144,"ğŸ‘ğŸ‘ğŸ‘ Mantab Djiwa Pak @aniesbaswedan . Intinya kerja,kerja,kerja dan No Drama Anymore.",riyonvan,"Papua, Indonesia",mantap djiwa inti kerja kerja kerja no drama anymore,Senang
30,2018-03-19 15:12:58+00:00,975751993602945024,"@BunkRorie @aniesbaswedan Bedanya yg di atas pake masker, n sapu
Kalo yg dibawah asli polos bro..",dodykaunang,"Papua, Indonesia",beda pakai masker sapu asli polos bro,Marah
31,2021-02-21 13:43:13+00:00,1363484425217048576,@Great_Pujangga @aniesbaswedan Lempar TAIIIIK di mukanya @WagubDKIJakarta Riza Patria.,AkifLessy,Papua New Guinea,lempar taiiiik muka riza patria,Sedih
32,2022-07-05 05:49:34+00:00,1544196770942824449,@aniesbaswedan @dkpkpjakarta @PBPDHI Warga tau yang ada penyakit mulut hanya Anies baswedan,poerbagmailcom2,,warga tau sakit mulut anies baswedan,Sedih
33,2019-06-11 20:05:54+00:00,1138537862968692737,@katerinaKwari @aniesbaswedan @basuki_btp Biar otak loh ngeres anies baswedan,TaimeJose,PapuasatuIndonesia,biar otak ngeres anies baswedan,Marah
34,2021-06-15 01:28:28+00:00,1404611735823163392,@Dennysiregar7 @DKIJakarta @aniesbaswedan Untung cepat ke bongkar ya mas @Dennysiregar7,INDRIANINGRUML,papua,untung cepat bongkar ya mas,Sedih
35,2019-06-13 15:59:33+00:00,1139200642596007936,@evndari @AntoniRaja @aniesbaswedan Kog bisa unsur pemerintahan ga nerapin aturan? Pemicunya...ga'bener...,andry_papua,Jayapura,unsur perintah nerapin atur picu,Marah
36,2021-12-05 05:22:25+00:00,1467363708263288832,"@matakudoea @Diek_Clev @FerdinandHaean3 @aniesbaswedan Politik itu begitu banyak taktiknya, ya demi kemenangan pilkada dulu, sama seperti pilpres tidak impor ini dan itu, tidak utang dan sebagainya, nanti kalau sudah jadi baru dia berjalan sesuai aturan dan kepentingan yang berlaku, itu resiko berpolitik banyak janjinya.",UsmanAbdS1,,politik taktik ya menang pilih kepala daerah pilih presiden impor utang jalan sesuai atur laku risiko politik janji,Marah
37,2022-09-12 00:54:05+00:00,1569127170643214336,"@manowar_office Bukan murka Tuhan, tapi murka dari Para Leluhur Kota Tua buat Pak @aniesbaswedan (gw halu jua ya...ğŸ˜ğŸ˜ğŸ˜)",devy_rahawarin,,murka tuhan murka leluhur kota tua gue halu jua ya,Marah
38,2022-10-19 03:32:15+00:00,1582575328249057281,"Anies Baswedan korupsi dana pameran buku 146 Miliar

#AniesNasdemOut #TenggelamkanNasdem #TenggelamkanAniesNasdem
#TenggelamkanPartaiNasdem
#GoodByeNasdemAnies
#AniesGabenerPembohong
#KagagalanAniesituNyata 
Papua https://t.co/8Hl7niveTD",Janaejelita,Papua,anies baswedan korupsi dana pamer buku miliar papua,Marah
39,2022-08-14 11:31:18+00:00,1558778282950021120,@ratcebong @bidik32 @I17082000 @andi_fataruba @ManBehindThe9un @aniesbaswedan @hayashi09615064 @jokowi Tdk usah berlagak kayak anak baru belajar membaca dan menulis yg harus sllu diberi contoh. Hak dan kewajiban imbang. Jgn nuntut hak trus.,N_i_u_584,"Papua Barat, Indonesia",lagak kayak anak ajar baca tulis contoh hak wajib imbang tuntut hak,Marah
40,2022-11-06 03:11:07+00:00,1589092992094457857,@RinaDarmayant14 jijik bercampur dgn rasa muntah lihat @aniesbaswedan punya muka,MansarMorgan,"Papua, Indonesia",jijik campur muntah lihat muka,Marah
41,2022-10-17 12:14:26+00:00,1581981963187261440,"Anies Baswedan tidak punya solusi selesaikan banjir di jakarta

#AniesNasdemOut #TenggelamkanNasdem #TenggelamkanAniesNasdem
#TenggelamkanPartaiNasdem
#GoodByeNasdemAnies 

Papua https://t.co/Z2cl2EbLYj",Janaejelita,Papua,anies baswedan solusi selesai banjir jakarta papua,Marah
42,2020-02-08 09:13:41+00:00,1226071591970201604,bapak yg paling banyak sabar untuk saat ini adalah bapak @aniesbaswedan  meskipun dihujat tetap stay cool sehat teruss ya pak ğŸ˜,darhezk_90,Makassar - Jayapura ,sabar hujat stay keren sehat ya,Senang
43,2022-10-19 03:31:32+00:00,1582575144815337473,"Sok Nyapres tapi tidak ada yang mau pilih Si Anies Baswedan

#AniesNasdemOut #TenggelamkanNasdem #TenggelamkanAniesNasdem
#TenggelamkanPartaiNasdem
#GoodByeNasdemAnies
#AniesGabenerPembohong
#KagagalanAniesituNyata 
Papua https://t.co/kjedOqPE4h",Janaejelita,Papua,sok calon presiden pilih sih anies baswedan papua,Marah
44,2018-09-26 20:14:30+00:00,1045043957959286784,"@aniesbaswedan ANIS BASWEDAN GUBERNUR YG BODOH, REKLAMASE PANTAI JAKARTA PERLU DILAKUKAN AGAR JAKARTA MAJU SEPERTI, JEPG, KOREA CHINA SYG ITU TDK DIBUAT",WilyamSineri,,anis baswedan gubernur bodoh reklamase pantai jakarta laku jakarta maju jepg korea cina sayang,Marah
45,2022-07-01 22:38:19+00:00,1543001078312349696,@Camelaila1 @SIWE_NDARA @aniesbaswedan @BobbyAndhika11 Ara topik pembahasannya tidak nyambung Mas Bro,kasrulsani9,,ara topik bahas sambung mas bro,Sedih
46,2022-06-27 14:58:35+00:00,1541435833483665409,"@yhustian @aniesbaswedan @DKIJakarta @dukcapiljakarta @layananjakarta @HumasPajakJkt @pt_jasaraharja @KanwilBPNDKIJkt @DivHumas_Polri @TMCPoldaMetro @DishubDKI_JKT @_ekokuntadhi @Dennysiregar7 Mngkn mrk sdh baca. Lu yg mikir skrng, dokumen yang bukan wewenang Pemprov bgmn?",anjarmaladi,,baca pikir dokumen wewenang perintah provinsi,Marah
47,2022-10-18 01:54:15+00:00,1582188277914021888,"Resiko Punya GUbernur Anies Baswedan tidak becuss

#AniesNasdemOut #TenggelamkanNasdem #TenggelamkanAniesNasdem
#TenggelamkanPartaiNasdem
#GoodByeNasdemAnies
#AniesGabenerPembohong
#KagagalanAniesituNyata 

Papua https://t.co/vABFmBUlPm",Janaejelita,Papua,risiko gubernur anies baswedan becuss papua,Marah
48,2020-01-06 02:04:14+00:00,1214004717673598976,@Barna_byo @aniesbaswedan Kalau lihat video ini ulang-ulang z tertawa hancur ğŸ¤£ğŸ¤£ğŸ¤£ğŸ¤£ Stop baku tipu sudah woiii .. ko pencitraan tuch sudah basi nisss.,JeckyWelikin,"Papua, Indonesia",lihat video ulang ulang z tertawa hancur stop baku tipu woiii citra basi nisss,Marah
49,2021-07-29 12:36:25+00:00,1420724897051860997,"@GarengHallu Mimpiku, begitu @nazaqistsha beserta kelompoknya dicuci, maka selanjutnya bisa selanjutnya mencuci sepupunya @aniesbaswedan eeeeeh begitu gemuruh hiruk pikuknya Novel cs hilang, ternyata hilang juga mesin cucinya ke gubernur DKI. Ada apa dengan @KPK_RI ....???",AkifLessy,Papua New Guinea,mimpi kelompok cuci cuci sepupu eeeeeh gemuruh hiruk pikuknya novel rekan hilang nyata hilang mesin cuci gubernur daerah khusus ibukota,Sedih
50,2018-02-20 03:53:41+00:00,965796572402298882,Bosan juga tengok media yg terus keluarkan berita tentang Anies Baswedan yg dihadang Paspanpres sewaktu peyeraan Piala Presiden ğŸ˜©ğŸ˜ª#ngok,kristmasprince,"Papua, Indonesia",bosan tengok media berita anies baswedan dihadang paspanpres peyeraan piala presiden,Sedih
51,2020-01-02 05:18:11+00:00,1212603976295706635,"@baybarnabas @Safrinaaaa2 @bangzul_88 @aniesbaswedan @permadiaktivis Entah dr mana tiba2 ngegas postingan sy soal banjir, katanya jgn salahkan anies ğŸ¤­malah nuduh yg nyinyir ahoker ğŸ¤£ğŸ¤£",mozesking,"Papua, Indonesia",marah postingan banjir salah anies tuduh nyinyir ahoker,Marah
52,2022-10-17 12:14:43+00:00,1581982035400613888,"Jakarta Banjir Anies baswedan Diam baeekkk

#AniesNasdemOut #TenggelamkanNasdem #TenggelamkanAniesNasdem
#TenggelamkanPartaiNasdem
#GoodByeNasdemAnies 

Papua https://t.co/b9tAGpYP7T",Janaejelita,Papua,jakarta banjir anies baswedan diam baeekkk papua,Marah
53,2020-02-24 14:03:34+00:00,1231942749319917569,"@Bangzul__88 Maw lihat kolam terbasar se-Indonesia..
Saksikan mahakarya @aniesbaswedan di Jakarta..
Ingat bawa toa..",Paolo95954454,,lihat kolam terbasar indonesia saksi mahakarya jakarta bawa toa,Sedih
54,2021-09-16 23:18:35+00:00,1438643509255303170,"@aniesbaswedan Iji pak anis, atlit Dayung untuk PON XX di Papua sudah siap, sekarang sudah bersiap di venue Dayung di Holtekamp-Jayapura Papua . Doanya untuk juara. https://t.co/VBl9vHFmZh",Zaman43017831,,iji anis atlet dayung pon xx papua dayung holtekamp jayapura papua doa juara,Senang
55,2019-11-17 12:38:06+00:00,1196044840707903488,"@permadiaktivis @aniesbaswedan @fadlizon Wahaha puisinya indah sangat mbah.
Sangat memberkati ğŸ˜…",Erras_25,,wahaha puisi indah mbah kati,Senang
56,2022-12-19 12:03:08+00:00,1604809554143113217,@FerdinandHutah7 @BenzCasual @aniesbaswedan mas sampean iki gembar - gembor tentang polotik identitas tapi nyatane sampean dewe sing ngomong keturunan-keturunanâ€¦opo maksudte ikuâ€¦?!,Dwiajar2,,mas sampean gembar gembor polotik identitas nyata sampean dewe sing bicara turun turun maksudte,Marah
57,2019-10-10 07:25:53+00:00,1182195532921368576,@Parapat_Nixon Saya doakan semoga @NovelBaswedan betul2 matanya dibutakan agar benar dia tidak melihat kasus2 sodaranya @aniesbaswedan. Aaaaamiiiin.,AkifLessy,Papua New Guinea,doa moga mata buta lihat saudara aaaaamiiiin,Sedih
58,2022-10-19 03:33:16+00:00,1582575584701390848,"Anies Baswedan Gubernur terburuk sepanjang masa

#AniesNasdemOut #TenggelamkanNasdem #TenggelamkanAniesNasdem
#TenggelamkanPartaiNasdem
#GoodByeNasdemAnies
#AniesGabenerPembohong
#KagagalanAniesituNyata 
Papua https://t.co/zJhtaDtzup",Janaejelita,Papua,anies baswedan gubernur buruk papua,Marah
59,2022-11-06 03:13:02+00:00,1589093473764151301,@hamid_odin jelas sangat berbahaya sodaraku. orang gila saja yang akan dukung @aniesbaswedan,MansarMorgan,"Papua, Indonesia",bahaya saudara orang gila dukung,Marah
60,2019-09-09 06:22:44+00:00,1170945615460569089,"@detikcom @aniesbaswedan @20detik Para pundamentalisator berkipra dalam pemerintahan guna kebahagiaan rakyat lemah, untuk mengandalkan inovasi sesuai aksebilitas pembangunan di kawasan timur indonesia. Wajar bilh ditinjau supil merupakan pengara,pengayom madyarakat di saat2x keberadaan ekonomi tidak stabil https://t.co/uTQ30zWNKQ",PakuruDamian,,pundamentalisator berkipra perintah bahagia rakyat lemah andal inovasi sesuai aksebilitas bangun kawasan timur indonesia wajar bilh tinjau supil rupa ara ayom madyarakat saatx ekonomi stabil,Senang
61,2019-12-18 00:08:53+00:00,1207090320111849472,@fajar_istan @aniesbaswedan @kemalarsjad @zlametabidin Taunya nyalahin pemerintah mulu..kesadaran buat buang sampah pada tempatnya aja masih cetek...kalau kagak sanggup buang ditempatnya ditelen aja,Nuwa24,,tau salah perintah mulu sadar buang sampah cetek sanggup buang ditelen,Sedih
62,2019-08-02 08:37:26+00:00,1157208775918407680,Kenapa warga DKI pd takut bersuara ke @aniesbaswedan ?,andry_papua,Jayapura,warga daerah khusus ibukota takut suara,Sedih
63,2022-02-03 11:44:54+00:00,1489203238486245376,@smile_guys @aniesbaswedan Yakin banget di 2022 bisa bersuara kerja nya dijakarta aja tak nyata bagaimana mau ikutan nyapresğŸ‘,EDusauw,"Papua, Indonesia",banget suara kerja nya jakarta nyata calon presiden,Senang
64,2022-11-06 20:24:34+00:00,1589353066989780993,â€œPemimpin yang Ga perlu bohongâ€ de bilang ğŸ˜‚ artinya bohong kalo perlu saja tapi sering hahhahh.. betul kah tidak @aniesbaswedan ??,MansarMorgan,"Papua, Indonesia",pimpin bohong deh bilang arti bohong hahhahh kah,Marah
65,2022-02-04 21:17:11+00:00,1489709645870485505,@_SEKNAS_RI @firlibahuri @KPK_RI @DKIJakarta @DinasSDAJakarta @aniesbaswedan @gembong_warsono @PrasetyoEdi_ @fpdip_jakarta @PSI_Jakarta KPK terlalu mendalami sampai lupa jalan keluar sumur resapan atau terjebak di lumpur uang sehingga terlihat lambat,EDusauw,"Papua, Indonesia",komisi berantas korupsi lupa jalan sumur resap jebak lumpur uang lihat lambat,Marah
66,2022-11-24 04:22:41+00:00,1595633980472459266,"Kota Palu Menolak Kedatangan Anies Baswedan..!!
 
#HTIDukungAnies
#AniesDidukungKHILAFAH
#AniesNasdemOut 
#TenggelamkanAniesBaswedan
#TenggelamkanPartaiNasdem
#GoodByeNasdemAnies
#AniesDidukungKoruptor
#AniesPendukungKhilafah
#AniesPendukungOrmasRadikal https://t.co/hhCVnJc159",HestiMsen,Papua,kota palu tolak anies baswedan,Sedih
67,2020-01-15 08:19:54+00:00,1217360748764127232,@LieDetectorID @dprddkijakarta @DPR_RI @fahiraidris @jokowi @aniesbaswedan Segera ditindak jika pembiaran terus maka sangat membahayakan demokrasi yg kebablasan.,AkifLessy,Papua New Guinea,tindak biar bahaya demokrasi bablas,Sedih
68,2020-01-13 16:53:30+00:00,1216765225224982528,@BuuloloArianto @aniesbaswedan Namanya juga lahan basah harus di lawan kalau tidak dorang tra dapat apa-apa...,JeckyWelikin,"Papua, Indonesia",nama lahan basah lawan dorang tra,Sedih
69,2020-01-03 23:34:51+00:00,1213242349704204288,"Bapak @aniesbaswedan yang terhormat, bapak sebaiknya diem dulu deh. Jangan komentar atau berkata aneh2. Jgn permalukan diri sendiri dan citra anda. Apalagi katanya mau nyalon pilpres 2024.",Yoghakun,,hormat diam deh komentar aneh malu citra nyalon pilih presiden,Marah
70,2020-02-25 13:18:35+00:00,1232293818373816328,"Selama ini kerja apa @aniesbaswedan ..???
Kok minta diijinkan kerja..????
Anda dewa gagasan tanpa hasil...",Paolo95954454,,kerja izin kerja dewa gagas hasil,Marah
71,2022-05-14 05:13:04+00:00,1525343416376209408,"@Maz__Poer @garishidup1908 @iben_d @iahk25 @ekowboy2 Katanya ada studycasenya, tapi informasi selalu di dapat lewat media, seharusnya kalau sudah buat study paparnya harus ilmiah, tapi sudahlah itu  memang pemahamannya, ya terimakasihlah saya ucapkan, semoga kedepannya bp Anies Baswedan sukses selalu dalam karirnya, Aamiin.",UsmanAbdS1,,studycasenya informasi media study papar ilmiah paham ya terimakasihlah moga anies baswedan sukses karirnya amin,Senang
72,2020-01-05 15:25:46+00:00,1213844040367521795,@KompasTV @aniesbaswedan @jokowi Ya.. Iyalah.. Di halim tidak ada sampah dan juga tidak ada mata air... Utng anda bukan Gubernur kami.. Hahahaha...,YosepTabamolu,"Papua, Indonesia",ya iya halim sampah mata air utng gubernur haha,Sedih
73,2021-10-25 22:45:45+00:00,1452768372806938625,@nila_mrt @FerdinandHaean3 @aniesbaswedan Saya teringat waktu kecil sering diceritakan Raja dan Abunawas untuk mendapatkan tuan Putri Abunawas sering menipu Raja........ğŸ¤”ğŸ¤”ğŸ¤”ğŸ¤”,mansarmarconi,"Papua, Indonesia",cerita raja abunawas tuan putri abunawas tipu raja,Senang
74,2022-05-15 23:49:28+00:00,1525986756394651648,"@Belok_dong @1j3mS @aniesbaswedan @Mdy_Asmara1701 Sepertinya ini hasil editan, karena tangan laki-lakinya tidak sesuai kewajaran normalnya tangan manusia sehingga kelihatannya sedikit panjang karena posisi sikunya ketika berdiri tidak mungkin melebihi pinggang ketika mengukur posisi tangan diturunkan jika berdiri siap.",UsmanAbdS1,,hasil edit tangan laki laki sesuai wajar normal tangan manusia lihat posisi siku pinggang ukur posisi tangan turun,Marah
75,2019-06-20 11:34:29+00:00,1141670650798415873,@fadjroeL @basuki_btp @aniesbaswedan Beda kelas lah bing @fadjroeL yg satu ahli tata kota satux lagi ahli tata kata...,andry_papua,Jayapura,beda kelas bing ahli tata kota satux ahli tata,Marah
76,2022-10-06 14:10:37+00:00,1578024934898798592,"@ChusnulCh__ @aagym @NasDem @pranandapaloh Tolong airnya di masukin ke dalam tanah, supaya pak Anies Baswedan puas dgn banjir terus",Jeksandra81,"Papua, Indonesia",tolong air masuk tanah anies baswedan puas banjir,Marah
77,2022-10-20 03:35:54+00:00,1582938631773114368,"Waspada Capres Pilihan Nasdem, karena ada Si tukang TIPU ANIES BASWEDAN..!!
 
#AniesNasdemOut #TenggelamkanNasdem #TenggelamkanAniesNasdem
#TenggelamkanPartaiNasdem
#GoodByeNasdemAnies
#AniesGabenerPembohong
#KagagalanAniesituNyata

Papua Tolak Anies https://t.co/TmHXJOAofj",HestiMsen,Papua,waspada calon presiden pilih nasional demokrat sih tukang tipu anies baswedan papua tolak anies,Marah
78,2019-11-03 10:42:29+00:00,1190942316418097153,@DKIJakarta @aniesbaswedan @KUKMPDKIJKT @satpolppjakarta @DishubDKI_JKT Dasar manusia Aibon ... Hidupnya buat puisi aja nih...,Paolo95954454,,dasar manusia aibon hidup puisi nih,Sedih
79,2020-01-03 12:11:49+00:00,1213070456221130754,"@Moch_herianto @aniesbaswedan @basuki_btp Seperti nggak tau saja anda ini, bahwa si ANUS @aniesbaswedan hanya ahli dalam mengolah kata kata menjadi ""air kata kata"", kalau si papua itu artinya Mabuk.",AkifLessy,Papua New Guinea,tau sih anus ahli olah air sih papua arti mabuk,Marah
80,2020-01-03 11:21:45+00:00,1213057858704535553,"Kira"" orang yang bicara @aniesbaswedan  Mundur ini ada bantu Atasi banjir apa tidak?",lengkaanias1,provinsi papua,orang bicara mundur bantu banjir,Marah
81,2022-10-18 01:53:43+00:00,1582188144593874944,"Jelang Lengser, Anies di Demo warga menagih janji kampanyenya yang tidak terealisasi, matilah kau anies Baswedan

#AniesNasdemOut #TenggelamkanNasdem #TenggelamkanAniesNasdem
#TenggelamkanPartaiNasdem
#GoodByeNasdemAnies
#AniesGabenerPembohong
#KagagalanAniesituNyata 

Papua https://t.co/TFTz56Oll5",Janaejelita,Papua,jelang lengser anies demo warga tagih janji kampanye realisasi mati anies baswedan papua,Marah
82,2022-05-15 23:53:27+00:00,1525987755754663936,"@Sylviaangela6 @Belok_dong @1j3mS @aniesbaswedan @Mdy_Asmara1701 @tatakujiyati Yg ada laki-laki itu adalah hasil editan, karena tangannya diperpanjang.  Posisi sebenarnya mungkin tangan diturunkan.",UsmanAbdS1,,laki laki hasil edit tangan posisi tangan turun,Marah
83,2019-08-02 07:53:00+00:00,1157197593786478592,@Hidayatade3 @kompascom @aniesbaswedan Bukannya semua berawal dari twiitnya marco mas? emang ada dinas persampahan ?,idostefanus,"Papua, Indonesia",twiitnya marco mas dinas sampah,Marah
84,2022-05-07 03:11:11+00:00,1522776028279492609,"@Sobat_Anies @aniesbaswedan Si mantan depdikbud dan mantan gub dki, anak kadrun mimpi jadi presiden, bagaimana seseorang The king of corruptor jadi presiden tinggal mimpi.",poerbagmailcom2,,sih mantan depdikbud mantan gubernur daerah khusus ibukota anak kadrun mimpi presiden orang the raja of corruptor presiden tinggal mimpi,Sedih
85,2022-12-08 02:26:03+00:00,1600678060411727873,"Tolak Anies Baswedan Di Tanah Papua
Papua Tidak Butuh Anies

#HTIFPIDukungAnies
#AniesDidukungKHILAFAH
#AniesNasdemOut 
#TenggelamkanAniesBaswedan
#TenggelamkanPartaiNasdem
#GoodByeNasdemAnies
#AniesDidukungKoruptor
#AniesPendukungKhilafah https://t.co/r9G3zYYvab",cegi_feby,Papua ,tolak anies baswedan tanah papua papua butuh anies,Marah
86,2022-12-08 02:13:45+00:00,1600674964960444416,"Tolak Anies Baswedan Di Tanah Papua ..!!
 
#HTIFPIDukungAnies
#AniesDidukungKHILAFAH
#AniesNasdemOut 
#TenggelamkanAniesBaswedan
#TenggelamkanPartaiNasdem
#GoodByeNasdemAnies
#AniesDidukungKoruptor
#AniesPendukungKhilafah https://t.co/WPDkCfOo3u",cegi_feby,Papua ,tolak anies baswedan tanah papua,Marah
87,2021-11-18 01:51:19+00:00,1461149989858541568,"@CastilloYusof @_LOVE_AG4EVER @aniesbaswedan Di pemerintahan republik Indonesia hampir semua level ada kasus bahkan di tubuh KPK juga ada kasus yaitu nyolong barang sitaan, tapi semua itu oknum, masa hanya DKI harus @aniesbaswedan yang dikasuskan ?",UsmanAbdS1,,perintah republik indonesia level tubuh komisi berantas korupsi curi barang sita oknum daerah khusus ibukota,Marah
88,2020-09-10 15:52:57+00:00,1304085463125295104,"@aniesbaswedan Yak psbb maning! Kabeh nganggur , pemerintah sng gajian! ğŸ’©",artesyyuliael,"Papua, Indonesia",ya psbb anggur perintah sng gaji,Marah
89,2022-05-22 08:09:16+00:00,1528286862611083266,"@Anies4Indonesia @hasyimmah Jadi maksudnya bgmn nih?
Jd menurut anda pemberitaan yg ada dimedia itu cm karangan sj kah?
Trus bgmn prestasi2 pak anies yg diberitakan di media2, apakah itu jg hanya karang2an?",N_i_u_584,"Papua Barat, Indonesia",maksud nih berita media karang kah prestasi anies berita media karang,Sedih
90,2019-11-04 04:26:34+00:00,1191210102440677376,@melekpolitikcom @aniesbaswedan Ayo anus tunjukkan siapa yang salah... Yang jelas ente ga pernah salah Aibon..,Paolo95954454,,ayo anus salah salah aibon,Sedih
91,2021-04-07 05:14:50+00:00,1379663939215056896,"Profil Yoory Corneles Pinontoan, Anak Buah Anies Baswedan yang Jadi Tersangka dalam Kasus Munjul
 
https://t.co/trgNGzKxpR lewat @tribunnews",kogoyaKogoya7,,profil yoory corneles pinontoan anak buah anies baswedan sangka munjul,Sedih
92,2019-11-02 02:47:47+00:00,1190460464200736769,"@aniesbaswedan @DKIJakarta Stop pencitraan wan Abud...
Yang hancurkan persatuan juga elo dengan politik agama yang berdampak besar sampe skrg.  
Masih adakah malumu...????",Paolo95954454,,stop citra wan abud hancur politik agama dampak malu,Marah
93,2022-06-26 22:00:16+00:00,1541179562830479360,"@aniesbaswedan @jakintstadium @jakprogroup @DKIJakarta @plusjakarta_ @jaklingkojkt Setiap langkah dan program kerja Anies the king of kelebihan bayar Baswedan selalu program BUNUH DIRI SENDIRI DAN GALI KUBUR SENDIRI. Dan ini yg seluruh rakyat Indonesia (minus Kadrun dan doyan jual agama, khilafah) tunggu2. ANIES GAMEOVER !",poerbagmailcom2,,langkah program kerja anies the raja of bayar baswedan program bunuh gali kubur rakyat indonesia minus kadrun suka jual agama khilafah tunggu anies gameover,Marah
94,2022-11-08 12:41:17+00:00,1589961251819786244,"@joko_gusman11 @RajaJara9 @Apin11581829 @Riffathar26 @aniesbaswedan Wah pantat makasih yah, tidak perlu lagi capek2 cari beritanya wan abud wkwk",MansarMorgan,"Papua, Indonesia",pantat terima kasih ya cape cari berita wan abud wkwk,Senang
95,2020-01-04 00:53:27+00:00,1213262127999270912,@bangzul_88 @aniesbaswedan @basuki_btp Tapi sayang pak ahok di singkirkan bahkan di penjarakan...itu mc jaman sekarang... coba saja tanggul ini tidak di buat...berapa korban harta benda bahkan nyawa mc...,SetititBruri,,sayang ahok singkir penjara mc jaman coba tanggul korban harta benda nyawa mc,Sedih
96,2022-04-28 12:43:41+00:00,1519658609881522176,"@sigitwid @IdeyBad @aniesbaswedan Eeh.. Eeeehhh.. Eeeeehhhhhhh...??

Kampanye ni yee.. Kok dapurnya APBD..?
Tunggu aja pak @aniesbaswedan entar habis jualan tiket formula eek baru deh hasil jualan itu di pakek buat kampanye.. Amanah kok.. Yg penting seiman pasti aman dan amanah..",RadeMappi,"Papua, Indonesia",eh eeeehhh eeeeehhhhhhh kampanye nih iya dapur anggar belanja daerah tunggu habis jual tiket formula tai deh hasil jual pakai kampanye amanah iman aman amanah,Marah
97,2019-08-06 04:17:11+00:00,1158592832770232320,@aniesbaswedan Kam pu lampu padam terdengar sampe kita pu telinga orang Papua. Terus Papua yg lampu sering padam tanpa konformasi +penerangan belum merata Kam ada dengar kah di sana?? Bangke!!!,NickyGano,"Timika, Papua",lampu padam dengar telinga orang papua papua lampu padam konformasi terang dengar kah bangkai,Marah
98,2019-09-02 00:45:01+00:00,1168323910422499328,"@TaliUdeng Sisihkan waktumu walau beberapa saat untuk sholatmu, kalau ada masjid kenapa mesti di tempat umum. Janganlah tempat umum dijadikan masjidmu dan masjidmu untuk berorasi politik. Sudah menyimpang dari ajaran ustadku, lain halnya jika @aniesbaswedan dkk adalah musafir.",AkifLessy,Papua New Guinea,sisih sholatmu masjid mesti masjid masjid orasi politik simpang ajar ustad kawan kawan musafir,Sedih
99,2019-12-15 17:15:45+00:00,1206261575457206272,@BuuloloArianto @ingga271078 @aniesbaswedan Di tegur saja kaaaa ... Aissss demo boleh kaaa .. ya ya ya yaa ğŸ˜…ğŸ˜…,JeckyWelikin,"Papua, Indonesia",tegur kakak aissss demo kakak ya ya ya ya,Marah
100,2019-12-02 05:35:40+00:00,1201374352710627328,Selamat tuk Pak @aniesbaswedan yang diangkat sebagai Gubernur Indonesia oleh Kaum 212.. ğŸ˜‚,Oxtanisha_,"Papua, Indonesia",selamat angkat gubernur indonesia kaum,Senang
101,2022-05-04 22:09:01+00:00,1521975207514492928,"@rman46 @buahtanganJKT @Balarong Misalnya Anies Baswedan dan Eric Tohir, kedua orang tua mereka lahir dan besar di Indonesia, bahkan kakek Anies ikut memperjuangkan kemerdekaan RI, berarti Anies Baswedan juga adalah pribumi Indonesia juga.",UsmanAbdS1,,anies baswedan eric tohir orang tua lahir indonesia kakek anies juang merdeka ri arti anies baswedan pribumi indonesia,Senang
102,2021-12-03 22:38:56+00:00,1466899781582684164,"@GunRomli @aniesbaswedan Ada bekas genangan air di tembok sebelah jalan, dan sekarang jalannya diaspal berarti adanya sumur resapan tidak menggangu dan merusak keindahan jalan.",UsmanAbdS1,,bekas genang air tembok belah jalan jalan aspal arti sumur resap menggangu rusak indah jalan,Sedih
103,2022-05-16 00:03:55+00:00,1525990392495501312,"@AgoesAguss @1j3mS @aniesbaswedan @Mdy_Asmara1701 Ini hasil editan, tangan laki-lakinya masuk kedalam baju lengan siwanita warna hitam memangnya ada bolong, jadi ini jelas-jelas hoaks.",UsmanAbdS1,,hasil edit tangan laki laki masuk baju lengan siwanita warna hitam bolong hoaks,Marah
104,2022-02-16 17:06:31+00:00,1493995215211798530,@aniesbaswedan @ridwankamil Ini menunjukkan apa skill bola lapangan yang bagus apa yah â“gak bermakna cuma mempertontonkan koalisi yg gak bakal berisi,EDusauw,"Papua, Indonesia",skill bola lapang bagus ya makna tonton koalisi isi,Senang
105,2022-10-18 01:56:45+00:00,1582188907000922112,"Anies Baswedan si Goblok malah nyapres ditengah penderitaan warga Jakarta

#AniesNasdemOut #TenggelamkanNasdem #TenggelamkanAniesNasdem
#TenggelamkanPartaiNasdem
#GoodByeNasdemAnies
#AniesGabenerPembohong
#KagagalanAniesituNyata 

papua https://t.co/47kvqQ7CmY",Janaejelita,Papua,anies baswedan sih goblok calon presiden derita warga jakarta papua,Marah
106,2022-02-13 08:09:53+00:00,1492773004262387713,@Sobat_Anies @aniesbaswedan Kalo mau deklarasikan di Jayapura Papua.... kontak aku ya...,AzikinFaizhal,,deklarasi jayapura papua kontak ya,Marah
107,2022-05-14 13:48:44+00:00,1525473186548027393,"@berlianidris @aniesbaswedan fotonya di edit pake pakaian adat suku pegunungan Papua melambangkan bentuk penghinaan orang Papua ini mengarah ke rasisme ini, yg edit dan posting foto ini harus di laporkan ke pihak berwajib.",AmoyePekei8,,foto edit pakai pakai adat suku gunung papua melambang bentuk hina orang papua arah rasisme edit posting foto lapor wajib,Marah
108,2019-09-15 23:51:33+00:00,1173383885389885442,"@AlifYW2 BW dulu panutan kenapa sekarang jadi pecundang, mungkinkah karena sindrom kekuasaan....Khan sudah dikasih jabatan sama @aniesbaswedan amankanlah dia BW.",AkifLessy,Papua New Guinea,bawa panutan cundang sindrom kuasa kasih jabat aman bawa,Senang
109,2021-03-14 11:00:28+00:00,1371053611090731018,"@QalbuBahasa Pantes saja apa yg dilakukan si @aniesbaswedan kok sepi @PdiperjuanganP ternyata, ikut maling juga.â˜â˜
Salut kami sama @PSI_Jakarta ğŸ‘ğŸ‘",AkifLessy,Papua New Guinea,laku sih sepi nyata maling salut,Sedih
110,2018-10-21 14:51:39+00:00,1054022406140911616,"@arifbsantoso @sendysuwanto @aniesbaswedan Jgn lupa om, @aniesbaswedan ahli tata kata alih jd tata kota itu bonus kata ğŸ˜Š",andry_papua,Jayapura,lupa om ahli tata alih tata kota bonus,Marah
111,2019-08-10 11:36:29+00:00,1160152936871186433,"@detikcom SIAP SAJI = EMPAT SEHAT , ya, Pak @aniesbaswedan ,?. Kalau bisa diLIMA SEMPURNAkan juga. DEAL, ya, Pak,!!!",riyonvan,"Papua, Indonesia",saji sehat ya sempurna deal ya,Senang
112,2020-01-22 06:54:49+00:00,1219876049560854528,@yusuf_dumdum @aniesbaswedan Sampah pimpin provinsi jadinya ya sampah....,Paolo95954454,,sampah pimpin provinsi ya sampah,Marah
113,2019-06-04 09:14:28+00:00,1135837209301438475,"@TolakBigotRI @aniesbaswedan Salah satu syarat ""muka tebel"" iya kan sob @aniesbaswedan ğŸ˜‚ğŸ˜‚ğŸ˜‚",andry_papua,Jayapura,salah syarat muka tebal iya bro,Sedih
114,2020-04-03 09:13:02+00:00,1246002760664973312,"@dinaslhdki @aniesbaswedan @DKIJakarta @JSCLounge @BeritaJakarta @TMCPoldaMetro @infoBMKG Semoga bisa bebas polusi seterusnya, bagaimana caranya? Silahkan AndaÂ² yg cerdas berpikir.. ğŸ™",budi_ranu,,moga bebas polusi sila cerdas pikir,Marah
115,2022-06-25 09:31:37+00:00,1540628774446055424,"@Ari3Pras @aniesbaswedan Mengkampanyekan politik identitas, sedangkan stigma label politik identitas karena ulah dari tim sukses dan simpatisan tidak bisa disematkan kepada orang lain seperti BP Anies Baswedan karena kampanye politik identitas bukan dari pikiran perkataan  dan perbuatan Anies sendiri",UsmanAbdS1,,kampanye politik identitas stigma label politik identitas ulah tim sukses simpatisan semat orang anies baswedan kampanye politik identitas pikir anies,Marah
116,2019-11-16 20:17:13+00:00,1195797995993780224,"@kompascom Jawab pak Anis @aniesbaswedan apa yg di keluhkan masyarakat...
Stop baca puisi...!!!!",Paolo95954454,,anis keluh masyarakat stop baca puisi,Marah
117,2019-11-16 09:58:15+00:00,1195642224920281088,"Kalo sampai terjadi Nasdem dukung anis maka pat partai itu akan hilang di tinggal pengikutnya,  tp pat Pak Surya Paloh tdk bgt kok,  krn anies urus minuatur indonesia aja tdk becus apalagi mau urus indonesia yg dari sabang ampe merauke ni... Jgn minpi ya wan abut.. ğŸ˜†ğŸ˜†ğŸ˜‚ğŸ˜†ğŸ˜‚",daud_patana,"Papua, Indonesia",nasional demokrat dukung anis pat partai hilang tinggal pat surya paloh banget anies urus minuatur indonesia becus urus indonesia sabang merauke nih mimpi ya wan abut,Marah
118,2019-11-08 20:53:58+00:00,1192908138954936320,@InitialsMFL @aniesbaswedan @DKIJakarta Teman aibonnya si anus yah..??ğŸ¤£ğŸ¤£,Paolo95954454,,teman aibonnya sih anus ya,Sedih
119,2022-05-22 09:00:01+00:00,1528299633134272512,"@Anies4Indonesia @hasyimmah Skrg sy punya kesimpulan sendiri ttg anda;

Media yg memberitakan soal prestasi pk anies itu benar menurut anda.
Sedangkan
Media yg memberitakan soal pak anies yg tdk becus kerja itu tdk benar menurut anda.

Pikiran anda sangat2 sempit &amp; over fanatis.",N_i_u_584,"Papua Barat, Indonesia",simpul media berita prestasi anies media berita anies becus kerja pikir sempit amp over fanatis,Marah
120,2019-09-05 10:45:58+00:00,1169562308588163072,"@Maha_PatiH_ Mak Mak goblok, sdh Menang gubernurnya Islam @aniesbaswedan.....akhirnya kerjanya sungguhq SANGAT MEMALUKAN, jika anda tak malu kami ummat Islam yg tak mendukungnya saja MALU.",AkifLessy,Papua New Guinea,mak mak goblok menang gubernur islam kerja sungguhq malu malu umat islam dukung malu,Marah
121,2022-05-22 06:24:29+00:00,1528260491864252416,"@Anies4Indonesia @hasyimmah Ohhh gitu ya....
Artinya, ini sebuah arahan dr pak anies.
Yg boleh kritik hanya warga jakarta.",N_i_u_584,"Papua Barat, Indonesia",ohhh ya arti buah arah anies kritik warga jakarta,Sedih
122,2022-02-19 15:15:15+00:00,1495054380743024645,@kangdede78 @Cintada16 @aniesbaswedan Mana team surveynya yg membanggakan ini juga bagian elektabilitas gubernur busedan yahğŸ¤­ğŸ¤”,EDusauw,"Papua, Indonesia",tim survei bangga elektabilitas gubernur busedan ya,Marah
123,2022-05-09 10:40:59+00:00,1523614001103470592,@PuppyMpop @aniesbaswedan @RikeSants @Sobat_Anies @SA_medsos @DPNSobatAnies Oh muncul lagi damkar yg Anies markup 6.5 miliar kelebihan bayar...,poerbagmailcom2,,oh muncul damkar anies markup miliar bayar,Marah
124,2019-04-03 19:50:42+00:00,1113529277624987648,"Kasihan ya,  mana warga jakarta yg kemarin milih gaberner anies ni,  ayooo bantu pak gabernernya atasi banjir..?? ğŸ˜‚ğŸ˜‚ğŸ˜‚",daud_patana,"Papua, Indonesia",kasihan ya warga jakarta kemarin pilih gaberner anies nih ayo bantu gabernernya banjir,Sedih
125,2020-01-03 05:54:30+00:00,1212975504799567874,"Ibu susi tenggelamkan kapal.. 
Pak anies tenggelamkan jakarta.. ğŸ˜‚",Oxtanisha_,"Papua, Indonesia",sus tenggelam kapal anies tenggelam jakarta,Sedih
126,2020-11-18 05:51:14+00:00,1328938799351668736,"Jika Gubernur @aniesbaswedan berhasil dlm penanganan COVID-19 maka ia merupakan calon yg kuat untuk pemilu 2024. Akan semakin kuat jika dipasangkan dgn @AgusYudhoyono 
#AniesForPresidenRI2024",jaffraydouglas,,gubernur hasil tangan covid rupa calon kuat pilih kuat pasang,Marah
127,2020-01-05 04:04:16+00:00,1213672537722253312,@WR_4AG226 Ini sudah sangat benar sekali apa yang di bicarakan oleh Pak Ahok.. cuma dasar orang jakarta yang 58%  mendukung aibon anies itu yang GOBLOK... Itu saja,JeckyWelikin,"Papua, Indonesia",bicara ahok dasar orang jakarta dukung aibon anies goblok,Marah
128,2021-03-12 09:35:58+00:00,1370307569642737666,"@hopegiacinta @aniesbaswedan Sudah jelas bahwa @nazaqistsha melindunginya. Ini sudah jelas ada KKN, sayangnya Ketua @KPK_RI hanya diam saja. Sadis....â˜â˜",AkifLessy,Papua New Guinea,lindung kkn sayang ketua diam sadis,Sedih
129,2022-12-26 04:34:24+00:00,1607233344135401475,"Masyarakat Solo Raya Tolak Anies Baswedan..!!
 
#HTIFPIDukungAnies
#AniesDidukungKHILAFAH
#AniesNasdemOut 
#TenggelamkanAniesBaswedan
#TenggelamkanPartaiNasdem
#GoodByeNasdemAnies
#AniesDidukungKoruptor https://t.co/ekKgnqHe4B",cegi_feby,Papua ,masyarakat solo raya tolak anies baswedan,Sedih
130,2022-09-28 16:41:23+00:00,1575163775258284040,@AkuAtikaFaya @aniesbaswedan Lebih baik curi start daripada curi setelah menjabat.. sangat tidak bermartabat.,Bolosewu000,"Papua, Indonesia",curi start curi jabat martabat,Marah
131,2020-02-25 03:54:10+00:00,1232151776389844992,@aniesbaswedan gubernur Soleh... Yang menang karena jualan ayat.. ğŸ˜ğŸ˜ğŸ˜,Paolo95954454,,gubernur saleh menang jual ayat,Senang
132,2022-06-24 22:52:50+00:00,1540468016940724224,"@DavidWijaya82 Nggak ada data dgn label bp politik identitas maka dng sendirinya gugur. Sukarno bp proklamator krn membacakan teks proklamasi utk kemerdekaan RI, Anies Baswedan bp politik identitas adakah data yg menunjukkan Anies dgn lisan dan perbuatannya berpolitik identitas? Bkn data dan -",UsmanAbdS1,,data label politik identitas gugur soekarno proklamator baca teks proklamasi merdeka ri anies baswedan politik identitas data anies lisan politik identitas data,Marah
133,2022-05-09 10:38:43+00:00,1523613429176561664,@aniesbaswedan @KominfoTubaba @kita_bersua Penghargaan sebagai GUBERNUR TERBODOH SEPANJANG SEJARAH. Tapi Anies bahagia...,poerbagmailcom2,,harga gubernur bodoh sejarah anies bahagia,Marah
134,2020-02-22 20:52:36+00:00,1231320910541361152,"Urus banjir dan hutan Monas yg kau rusak @aniesbaswedan ...
Stop tipu2 masyarakat",Paolo95954454,,urus banjir hutan monas rusak stop tipu masyarakat,Marah
135,2022-05-04 03:16:59+00:00,1521690322165956611,@sriwula62788077 @kangdede78 @aniesbaswedan Gak tau juga yah tapi bgitulah para fansnya Mia Khalifa.. ğŸ˜…,RadeMappi,"Papua, Indonesia",tau ya bgitulah fannya mia khalifa,Sedih
136,2022-05-08 13:23:02+00:00,1523292393902338049,"@AgusYudhoyono @aniesbaswedan DKI SEMAKIN HANCUR BABAK BELUR DITANGAN ANIES RASHID "" KELEBIHAN BAYAR"" BASWEDAN",poerbagmailcom2,,daerah khusus ibukota hancur babak bur tang anies rashid bayar baswedan,Sedih
137,2020-06-10 11:16:33+00:00,1270676220485615616,"@PyoChiSoo @VIVAcoid @aniesbaswedan ya itu dia, ngapain lagi wabah gni masih mikirin politik.

Iyah kita mah maunya skrng aman2 aja dh.gak was2 klo pergi2.
ane malah ketahan di Papua udh mau 4 bulan.ğŸ˜‚",bagja17,,ya wabah pikir politik ya aman was pergi tahan papua,Marah
138,2022-11-09 01:53:41+00:00,1590160667553959936,"Anies Baswedan Si Paling Pencitraan..!!!
 
#HTIDukungAnies
#AniesDidukungKHILAFAH
#AniesNasdemOut 
#TenggelamkanAniesNasdem
#TenggelamkanPartaiNasdem
#GoodByeNasdemAnies
#AniesDidukungKoruptor 
Papua - Tolak Anies https://t.co/j4b1Ofs3n8",cegi_feby,Papua ,anies baswedan sih citra papua tolak anies,Marah
139,2022-05-02 09:30:30+00:00,1521059547820920838,"@Rizmaya__ @aniesbaswedan Baru tahu atau baru sadar geger otaknya buda agak baikan yah,,,, jualan agama aja koq dy menang klw gak mana bisa bersaing",EDusauw,"Papua, Indonesia",sadar geger otak buda ya jual agama menang saing,Marah
140,2019-11-09 13:07:18+00:00,1193153089047412737,@BuuloloArianto @aniesbaswedan Dewa aibon lagi ngomong... Anak aibon 2 ekor kagum amat...,Paolo95954454,,dewa aibon bicara anak aibon ekor kagum,Marah
141,2020-01-01 23:10:00+00:00,1212511317707247617,"Anies : yg penting warga selamat..

Yg penting itu #BanjirJakarta2020 tidak terjadi, dan bgm solusinya?? Jika tidak terjadi #banjir PASTI tidak ada kerugian warga, fokus pak fokus!! #BanjirJabodetabek #BanjirkotanyaTenggelamwarganya #BanjirMahakaryAniesBaswedan #PrayForJakarta https://t.co/Gr54lOiGHs",mozesking,"Papua, Indonesia",anies warga selamat solusi rugi warga fokus fokus,Senang
142,2021-12-23 11:07:55+00:00,1473973641771565058,@MrsRachelIn @aniesbaswedan @bpkri @KPK_RI Ke rekan2 partai ...hitung2 sbgai THR kali ya,OctoS9,"Papua, Indonesia",rekan partai hitung tunjang raya kali ya,Senang
143,2022-05-26 04:02:15+00:00,1529674248406507522,@aniesfor2024 @aniesbaswedan Yang pak anies katakan smua itu kebohongan. Nyata-nyatanya reklamasi tetap di lanjutkan dibeberapa titik. https://t.co/3Um9FZQuaO,N_i_u_584,"Papua Barat, Indonesia",anies bohong nyata nyata reklamasi titik,Marah
144,2020-11-18 05:58:10+00:00,1328940541720080388,@endeeresta @aniesbaswedan @AgusYudhoyono Ya semoga Anies dapat ridho Allah..,jaffraydouglas,,ya moga anies rida allah,Senang
145,2021-11-19 22:05:43+00:00,1461817992568709120,"@MrsRachelIn Sepertinya ini satu kejujuran dan kerisauan yang muncul di kalangan MUI  DKI Jakarta, karena begitu banyaknya penghasad dan pencela yang mencuat di media sosial terhadap Anies Baswedan, padahal kenyataannya tidak seperti itu.",UsmanAbdS1,,jujur risau muncul kalang majelis ulama indonesia daerah khusus ibukota jakarta hasad cela cuat media sosial hadap anies baswedan kenyataanya,Sedih
146,2018-02-17 04:29:47+00:00,964718493168840706,@RadioElshinta @aniesbaswedan @DKIJakarta semoga sukses ya pak anies sehat selalu supaya bisa menyejahterakan masyarakat Jakarta dan sekitarnya bagi supaya bisa menjadi contoh,herni16063558,usa west negara papua,moga sukses ya anies sehat sejahtera masyarakat jakarta contoh,Senang
147,2019-11-03 21:48:05+00:00,1191109818406166528,"@Paltiwest @aniesbaswedan @bangzul_88 @Parapat_Nixon @permadiaktivis @eko_kuntadhi @MahesaTiwi @NikenSabila_ @andreOPA Sampah di pilih, jadinya silahkan dinikmati manusia anus..ğŸ¤£ğŸ¤£",Paolo95954454,,sampah pilih sila nikmat manusia anus,Marah
148,2019-11-08 18:09:10+00:00,1192866665374945281,"@GunRomli @aniesbaswedan Gpp boss... Yang penting gubernurnya santun, seiman dan bisa ngelem bareng...ğŸ¤£ğŸ¤£",Paolo95954454,,bos gubernur santun iman ngelem bareng,Marah
149,2022-06-21 01:12:21+00:00,1539053577574154241,"@RidhaIntifadha @aniesbaswedan @DKIJakarta Yg memilihmu hanya Riziek, dan JK. Surya Paloh masih menunggu kentut dulu. https://t.co/oFYiUBsbV9",poerbagmailcom2,,pilih rizieq surya paloh tunggu kentut,Marah
150,2019-08-06 10:48:17+00:00,1158691257381609472,@ArdianZA_099 @aniesbaswedan @fahiraidris @PKSejahtera @Official_PAN @haikal_hassan @ustadtengkuzul @Fahrihamzah @DPRD_DKI Otak lu dipke tolol. Mati listriknya itu seluruh Jawa dan DKI. Itu kesalahan pusat atau presiden. Dasar goblok bin tolol lu. Otak lu ditaroh dipantat yah,ramadhanmahyuz1,"Papua, Indonesia",otak dipke tolol mati listrik jawa daerah khusus ibukota salah pusat presiden dasar goblok bin tolol otak ditaroh pantat ya,Marah
151,2021-02-14 20:58:11+00:00,1361057172495368192,"@FerdinandHaean3 @ganjarpranowo @DKIJakarta @aniesbaswedan Wong yang mau larang ikut dan mendukung kok bro, bersihkan dulu gubernurnya.",AkifLessy,Papua New Guinea,orang larang dukung bro sih gubernur,Marah
152,2019-05-22 11:47:40+00:00,1131164722890338304,Gaberner DKI @aniesbaswedan ni dimana k kok warga kacau di daerahnya malah tdk ada.. ???ğŸ¤’ğŸ˜ˆğŸ¤’ğŸ˜¡ğŸ˜ ,daud_patana,"Papua, Indonesia",gaberner daerah khusus ibukota nih k warga kacau daerah,Marah
